Strategy,Mean_Total_Profit,Mean_Final_Bankroll,Mean_Profit_Per_Round
basic,-149.362977766675,9850.637022233324,-0.07762178366225332
counting,120.72195853110168,10120.721958531101,0.06776417686734948
unskilled,-2957.7242068448663,7042.275793155133,-1.4798775918061453
